name,lat,lon,timestamp
ARAU,6.450158663124262,100.27973797024838,914630400
ARAU,6.450158665723083,100.27973797458911,915494400
ARAU,6.450158762179365,100.27973801118108,916358400
ARAU,6.450158718216536,100.27973799563942,918345600
ARAU,6.4501586948484215,100.27973798951082,920937600
ARAU,6.450158664118323,100.27973814389586,922060800
ARAU,6.450158630259965,100.27973814932993,923270400
ARAU,6.450158611856462,100.27973806544686,924220800
ARAU,6.450158666548802,100.2797380959387,925084800
ARAU,6.450158645196418,100.27973819721775,929923200
ARAU,6.45015867067528,100.2797381251812,930960000
ARAU,6.4501586582165675,100.27973815750188,931910400
ARAU,6.4501586599603735,100.27973824730324,933206400
ARAU,6.450158640317964,100.27973820892001,934156800
ARAU,6.450158676742825,100.27973821315494,935020800
ARAU,6.450158628181213,100.27973823570598,935884800
ARAU,6.4501586765158505,100.27973822973289,937008000
ARAU,6.450158686201518,100.2797382291265,937872000
ARAU,6.450158703556961,100.27973824962008,938736000
ARAU,6.450158697546066,100.27973823985008,939600000
ARAU,6.4501587093955175,100.27973819629536,940723200
ARAU,6.450158734161237,100.27973821001468,941673600
ARAU,6.4501586747421005,100.27973822366846,942624000
ARAU,6.450158672896674,100.27973824161711,943574400
ARAU,6.450158684900005,100.27973827050077,944438400
ARAU,6.450158710966938,100.27973828956763,945302400
ARAU,6.450158712866206,100.27973825340729,946252800
ARAU,6.450158693161559,100.27973826969782,947721600
ARAU,6.450158686525659,100.27973827947405,948585600
ARAU,6.4501587033564105,100.27973834207877,949536000
BABH,5.146659192249294,100.49366227220888,1103846400
BABH,5.146659188120397,100.49366217109801,1104796800
BABH,5.146659206194268,100.49366212589827,1105747200
BABH,5.146659140816596,100.49366214273128,1106697600
BABH,5.146659171385491,100.49366206092193,1107561600
BABH,5.146659175502254,100.4936620943185,1108425600
BABH,5.146659219497967,100.49366205528149,1109289600
BABH,5.146659176105732,100.49366207222768,1110153600
BABH,5.146659180589002,100.49366210562728,1111017600
BABH,5.146658862320417,100.49366171470449,1111881600
BABH,5.146658820473981,100.49366168030332,1113177600
BABH,5.146658855583428,100.49366153186098,1114041600
BABH,5.14665879556181,100.49366161521888,1114905600
BABH,5.146658733728925,100.49366157822126,1115769600
BABH,5.1466587486766375,100.49366157012886,1116633600
BABH,5.146658731638908,100.49366156432285,1117497600
BABH,5.146658742685141,100.49366157012415,1118361600
BABH,5.146658714332201,100.49366156544684,1119225600
BABH,5.146658739358624,100.49366156667718,1120089600
BABH,5.146658715295477,100.49366154188877,1121040000
BABH,5.146658705710166,100.49366154333566,1121904000
BABH,5.146658693214399,100.49366154284628,1122768000
BABH,5.1466586761766235,100.49366152731069,1123632000
BABH,5.14665871580121,100.49366154117072,1124496000
BABH,5.146658664843901,100.49366150793352,1125360000
BABH,5.146658665073374,100.49366153173216,1126224000
BABH,5.14665867477211,100.49366150939049,1127088000
BABH,5.146658683773282,100.49366149022808,1127952000
BABH,5.146658650906249,100.49366150922754,1128816000
BABH,5.1466586681338296,100.4936615320365,1129680000
BANT,2.82595632946701,101.53735181108584,1103846400
BANT,2.8259563383054003,101.53735175903503,1104710400
BANT,2.8259563248875113,101.53735178985126,1105574400
BANT,2.82595629466319,101.53735178166713,1106524800
BANT,2.8259562942229546,101.53735173245566,1107475200
BANT,2.8259563357252895,101.53735175759908,1108339200
BANT,2.8259563290055265,101.53735175213914,1109203200
BANT,2.8259563078690966,101.53735173770394,1110067200
BANT,2.825956294544607,101.53735173127095,1110931200
BANT,2.8259561589537268,101.53735131672576,1111968000
BANT,2.8259561230855215,101.53735127257644,1113350400
BANT,2.82595610925968,101.53735125546389,1114214400
BANT,2.825956122884112,101.5373512446394,1115078400
BANT,2.825956106658343,101.5373511877589,1115942400
BANT,2.825956070360949,101.53735124401106,1116806400
BANT,2.825956121672433,101.53735119961281,1117670400
BANT,2.8259560865048723,101.53735123295967,1118534400
BANT,2.825956084784372,101.53735118821206,1119398400
BANT,2.825956063722853,101.53735118989287,1120262400
BANT,2.8259560262744365,101.5373512399306,1121126400
BANT,2.8259560650219715,101.53735119764579,1121990400
BANT,2.825956048509146,101.5373511780854,1122854400
BANT,2.8259560433098594,101.53735119470603,1123718400
BANT,2.8259560492671523,101.5373512050896,1124668800
BANT,2.8259560655499816,101.53735117148844,1125532800
BANT,2.8259560462387388,101.53735117478651,1126396800
BANT,2.825956054887935,101.53735117394571,1127433600
BANT,2.825956052287624,101.53735121597416,1128297600
BANT,2.825956102947093,101.53735119092592,1129161600
BANT,2.825956042271136,101.53735118709736,1130025600
BEHR,3.7653703766628124,101.51721244426717,1028505600
BEHR,3.76537047709884,101.51721247760736,1038528000
BEHR,3.7653704501399985,101.51721250136386,1039392000
BEHR,3.765370426336193,101.51721252316398,1040256000
BEHR,3.7653704634878595,101.5172125522507,1041120000
BEHR,3.7653704394280414,101.51721253686564,1041984000
BEHR,3.7653704758720385,101.51721253312209,1042934400
BEHR,3.765370442504448,101.51721258635241,1043798400
BEHR,3.7653704299281063,101.5172125531572,1044662400
BEHR,3.7653703999877672,101.51721261103118,1045526400
BEHR,3.765370416000685,101.51721263034007,1046476800
BEHR,3.7653704222034783,101.51721263743156,1048377600
BEHR,3.7653703719531877,101.51721269542347,1049241600
BEHR,3.765370412492611,101.51721261261814,1050105600
BEHR,3.765370448704374,101.51721259496658,1050969600
BEHR,3.765370445857846,101.5172126530951,1051833600
BEHR,3.7653704146943485,101.51721270048219,1052697600
BEHR,3.765370423125483,101.51721265308223,1053648000
BEHR,3.7653703783626726,101.51721265015634,1054598400
BEHR,3.7653704068928397,101.51721269874703,1055462400
BEHR,3.765370395751172,101.51721266728543,1056499200
BEHR,3.765370393545604,101.51721267101608,1057363200
BEHR,3.7653703762150394,101.51721267729536,1058227200
BEHR,3.765370377229426,101.51721264819821,1059177600
BEHR,3.7653703630107094,101.51721270187284,1060128000
BEHR,3.7653703781249637,101.51721268680362,1060992000
BEHR,3.765370401788528,101.51721273722269,1061942400
BEHR,3.765370376300083,101.51721273076492,1062806400
BEHR,3.7653704142107,101.51721272193579,1063670400
BEHR,3.7653703831351373,101.5172127624492,1064620800
BKPL,5.3389867529756545,100.21836209854246,1104796800
BKPL,5.33898677721633,100.21836203049077,1105660800
BKPL,5.338986708695126,100.21836202422311,1106611200
BKPL,5.338986731158963,100.21836201059297,1107475200
BKPL,5.338986722025477,100.21836198271852,1108339200
BKPL,5.338986757496976,100.21836201013747,1109203200
BKPL,5.338986729852085,100.21836197558567,1110240000
BKPL,5.338986390651775,100.21836160447711,1111622400
BKPL,5.338986368726597,100.2183616343656,1112745600
BKPL,5.338986364951987,100.21836152786832,1113782400
BKPL,5.338986263442428,100.2183615284389,1114646400
BKPL,5.338986272114289,100.21836151879971,1115510400
BKPL,5.338986287332523,100.21836150074905,1117152000
BKPL,5.338986250397417,100.21836148166791,1118016000
BKPL,5.3389862405894055,100.2183614926082,1118880000
BKPL,5.33898623962936,100.21836145490647,1119744000
BKPL,5.3389862449421255,100.21836142334723,1120694400
BKPL,5.338986179119966,100.2183614652368,1121558400
BKPL,5.338986196630625,100.21836140176033,1122854400
BKPL,5.338986163278659,100.21836142141517,1123718400
BKPL,5.338986187945427,100.2183613819912,1125100800
BKPL,5.338986181716491,100.21836140318344,1125964800
BKPL,5.3389862132851915,100.21836133837579,1126828800
BKPL,5.338986149097875,100.21836139344968,1127692800
BKPL,5.338986145349403,100.21836139670042,1128556800
BKPL,5.338986186782286,100.21836138843052,1129420800
BKPL,5.338986217873561,100.21836136134655,1130284800
BKPL,5.338986161052416,100.21836134217502,1131148800
BKPL,5.338986179084937,100.21836135933894,1132012800
BKPL,5.338986177921286,100.21836135001332,1132876800
GETI,6.226192633996059,102.10546302607337,914630400
GETI,6.226192596867782,102.10546298605834,915494400
GETI,6.226192639474068,102.10546300504357,916358400
GETI,6.2261926062136945,102.10546300560493,917222400
GETI,6.226192602280714,102.10546297159654,918259200
GETI,6.226192657293089,102.10546302376024,919123200
GETI,6.226192602377514,102.105463034866,919987200
GETI,6.226192616172061,102.10546303734576,920851200
GETI,6.226192588938563,102.10546305610295,921715200
GETI,6.226192661789973,102.10546306809425,922579200
GETI,6.226192583209009,102.10546308499812,923702400
GETI,6.226192593677859,102.1054630786588,924825600
GETI,6.226192591843199,102.10546312448488,925689600
GETI,6.226192559432581,102.10546313036195,928195200
GETI,6.226192563074383,102.10546313974041,929404800
GETI,6.226192524115756,102.10546313491952,930268800
GETI,6.226192549246539,102.1054631714302,931132800
GETI,6.226192587640994,102.10546317559523,931996800
GETI,6.226192557642946,102.10546319023629,932947200
GETI,6.226192562360906,102.10546326858488,933897600
GETI,6.2261925977728385,102.10546317967348,934761600
GETI,6.226192589334328,102.10546323474827,935625600
GETI,6.22619257130655,102.10546321656376,936576000
GETI,6.226192609976414,102.10546322618617,938131200
GETI,6.226192590222626,102.10546325421276,938995200
GETI,6.226192607996985,102.10546325710595,939859200
GETI,6.226192599822827,102.10546324384302,940809600
GETI,6.226192632597466,102.10546321356455,941673600
GETI,6.226192632172293,102.10546322564137,942883200
GETI,6.226192595840123,102.10546323675206,944352000
GMUS,4.862974461633606,101.96379513419068,1103846400
GMUS,4.862974447431875,101.96379502150927,1104883200
GMUS,4.862974447258569,101.96379501326793,1106179200
GMUS,4.862974464253687,101.9637950349239,1107129600
GMUS,4.862974465322674,101.96379499337212,1107993600
GMUS,4.862974459570606,101.96379506434403,1108857600
GMUS,4.86297444621707,101.96379499144354,1109721600
GMUS,4.862974471234232,101.96379501919937,1110585600
GMUS,4.862974282914241,101.9637947471826,1111622400
GMUS,4.862974276839406,101.96379471346671,1112832000
GMUS,4.862974233537791,101.96379466515774,1113696000
GMUS,4.862974203758353,101.96379469640654,1114560000
GMUS,4.8629742054589356,101.96379464743855,1115424000
GMUS,4.862974253419824,101.96379465319859,1116288000
GMUS,4.86297424398184,101.96379466295551,1117152000
GMUS,4.862974201851249,101.96379467423233,1118016000
GMUS,4.862974204837535,101.96379463149674,1118880000
GMUS,4.862974229235487,101.96379463982834,1119744000
GMUS,4.862974198886271,101.96379462460098,1120867200
GMUS,4.86297416144514,101.96379466011464,1121731200
GMUS,4.86297416339757,101.96379464855232,1122768000
GMUS,4.862974174821792,101.96379463596513,1124668800
GMUS,4.8629741841340755,101.96379462443814,1125532800
GMUS,4.8629741817997845,101.96379460509154,1126396800
GMUS,4.862974202867001,101.96379467101973,1127260800
GMUS,4.862974188279541,101.96379459193108,1128124800
GMUS,4.86297418429196,101.96379463082843,1128988800
GMUS,4.862974203956846,101.96379463253683,1129852800
GMUS,4.862974184509696,101.96379461443489,1130716800
GMUS,4.862974160559542,101.96379457976799,1131580800
GRIK,5.439012377994351,101.13027626419876,1103846400
GRIK,5.439012410612614,101.13027620089636,1104710400
GRIK,5.439012403710633,101.13027614753877,1105660800
GRIK,5.439012361496896,101.13027614988127,1106611200
GRIK,5.439012384546022,101.13027615492477,1107475200
GRIK,5.439012384833988,101.13027616808957,1108339200
GRIK,5.4390124230907775,101.13027609237572,1109289600
GRIK,5.439012418105337,101.13027611575235,1110240000
GRIK,5.439012402599842,101.13027608981312,1111190400
GRIK,5.4390121594160465,101.13027580719958,1112054400
GRIK,5.439012077228425,101.13027574288238,1113350400
GRIK,5.439012138156176,101.13027572143697,1114214400
GRIK,5.439012089237761,101.13027573222259,1115078400
GRIK,5.4390120863646025,101.13027571554034,1115942400
GRIK,5.43901201550696,101.13027569796513,1116806400
GRIK,5.439012100926589,101.13027571392107,1117670400
GRIK,5.439012046599887,101.13027570266556,1118534400
GRIK,5.439012060017263,101.13027564960758,1119398400
GRIK,5.4390120309948475,101.13027567274756,1120262400
GRIK,5.439012034329874,101.13027565111427,1121212800
GRIK,5.439012069314342,101.13027567150556,1122076800
GRIK,5.439012041955898,101.13027565295049,1122940800
GRIK,5.439012018632779,101.13027566206787,1123804800
GRIK,5.439012006638779,101.1302756425728,1124668800
GRIK,5.43901203331608,101.13027561304702,1125532800
GRIK,5.439011999938522,101.1302756075312,1126396800
GRIK,5.439011984958179,101.13027564938709,1127260800
GRIK,5.439012043734932,101.13027563086504,1128124800
GRIK,5.439012001326917,101.13027561178497,1128988800
GRIK,5.439011987545364,101.13027564617201,1129852800
IPOH,4.588471436065569,101.12617682454471,922406400
IPOH,4.588471399694506,101.12617684149629,923270400
IPOH,4.588471394706431,101.12617679849299,924134400
IPOH,4.588471381476682,101.12617681197452,924998400
IPOH,4.588471364741673,101.12617678303859,925862400
IPOH,4.588471382909868,101.12617678040549,926726400
IPOH,4.588471392417451,101.12617682473906,927590400
IPOH,4.588471375040363,101.12617682575292,928454400
IPOH,4.588471382910775,101.12617680713606,929404800
IPOH,4.588471401009337,101.12617683237383,930268800
IPOH,4.5884713782847255,101.12617685575513,931478400
IPOH,4.588471369048679,101.12617687038495,932342400
IPOH,4.5884713732722,101.1261769005886,933292800
IPOH,4.588471389595672,101.12617690594091,934156800
IPOH,4.588471390899342,101.12617687849621,935020800
IPOH,4.588471376210447,101.12617694971956,935884800
IPOH,4.588471379639653,101.12617693254141,936835200
IPOH,4.58847143948798,101.12617687606595,937699200
IPOH,4.588471402416341,101.12617689443893,938649600
IPOH,4.58847141603184,101.12617694537795,939600000
IPOH,4.58847146566062,101.12617694410497,940550400
IPOH,4.588471431567916,101.12617697878805,941414400
IPOH,4.58847144267436,101.12617700601471,942278400
IPOH,4.58847138132597,101.12617697389176,943488000
IPOH,4.588471430299565,101.12617696921717,944956800
IPOH,4.588471398132877,101.12617697617456,945907200
IPOH,4.588471421769385,101.1261769637142,946771200
IPOH,4.588471429303461,101.12617700309454,947635200
IPOH,4.588471423947342,101.12617699782396,948499200
IPOH,4.588471360570126,101.12617705309711,949363200
JHJY,1.5368104348410196,103.79653191451128,1103846400
JHJY,1.536810436172854,103.79653187629098,1104796800
JHJY,1.5368104533738682,103.79653185850974,1105660800
JHJY,1.5368104432521743,103.79653191912449,1106784000
JHJY,1.536810439743135,103.79653189556868,1107648000
JHJY,1.5368104419845965,103.79653196606196,1108512000
JHJY,1.5368104551644544,103.79653190374967,1109376000
JHJY,1.536810444000614,103.7965318938213,1110326400
JHJY,1.53681046086736,103.79653192110058,1111190400
JHJY,1.5368104229023325,103.79653179016731,1112054400
JHJY,1.5368104165538743,103.79653177298239,1113264000
JHJY,1.5368103924887155,103.7965317672246,1115769600
JHJY,1.5368104210200786,103.79653178990372,1118534400
JHJY,1.5368104280651795,103.79653177900434,1119398400
JHJY,1.5368104173995585,103.79653178377221,1120262400
JHJY,1.5368103744828059,103.79653180113341,1121299200
JHJY,1.5368104106408558,103.79653178644016,1122249600
JHJY,1.5368104082419274,103.79653176674063,1123113600
JHJY,1.5368103983080195,103.79653177582895,1123977600
JHJY,1.536810400712931,103.79653178534163,1125187200
JHJY,1.5368103755266338,103.79653178986206,1126051200
JHJY,1.5368104097596056,103.79653178769951,1126915200
JHJY,1.5368104049082982,103.7965318066491,1127779200
JHJY,1.536810373651657,103.7965318277054,1128643200
JHJY,1.5368104045493463,103.79653179142608,1129507200
JHJY,1.536810419078962,103.79653181419599,1130371200
JHJY,1.5368103820083447,103.79653179890312,1131235200
JHJY,1.5368104002099354,103.79653184284754,1132185600
JHJY,1.5368104101232556,103.79653182594657,1133049600
JHJY,1.5368104304499202,103.79653185167484,1134172800
JUIP,4.600403889141998,101.09059932069614,1103846400
JUIP,4.600403853726971,101.09059929956777,1104710400
JUIP,4.600403906444037,101.09059926358705,1105660800
JUIP,4.600403897117777,101.09059931307283,1106611200
JUIP,4.600403867747401,101.09059932758588,1107475200
JUIP,4.60040389201049,101.09059920914694,1108339200
JUIP,4.600403878101445,101.09059923334176,1109289600
JUIP,4.600403899059543,101.09059918944638,1110153600
JUIP,4.600403931520418,101.09059930099896,1111017600
JUIP,4.600403598469968,101.0905988572236,1111881600
JUIP,4.600403493328619,101.09059883398824,1113264000
JUIP,4.600403571814241,101.09059879291077,1114128000
JUIP,4.600403525014743,101.09059874254618,1114992000
JUIP,4.600403510550106,101.09059871918929,1116028800
JUIP,4.600403498608102,101.09059871105019,1116892800
JUIP,4.600403530338827,101.09059873367103,1117756800
JUIP,4.600403509423478,101.09059870994642,1118620800
JUIP,4.600403493794903,101.0905987091766,1119484800
JUIP,4.60040348062754,101.09059869397223,1120348800
JUIP,4.600403469753555,101.09059871014145,1121299200
JUIP,4.600403466669614,101.09059869786259,1122163200
JUIP,4.600403465131774,101.0905986828395,1123027200
JUIP,4.600403451687548,101.09059870281084,1123891200
JUIP,4.600403462720472,101.09059867112128,1124755200
JUIP,4.600403463206279,101.09059862515848,1125619200
JUIP,4.600403442415295,101.09059866177165,1126483200
JUIP,4.600403389853626,101.09059869169748,1127347200
JUIP,4.60040343610836,101.0905987118271,1128211200
JUIP,4.6004034555766,101.09059866362777,1129075200
JUIP,4.6004034446366635,101.09059864825258,1129939200
JUML,2.211754478315107,102.25609872987123,1103846400
JUML,2.211754497017881,102.25609868371302,1104796800
JUML,2.211754525958795,102.25609866235064,1105833600
JUML,2.2117544983048214,102.25609868003848,1106784000
JUML,2.2117545029626187,102.25609868187486,1107648000
JUML,2.2117544886798934,102.25609871311478,1108512000
JUML,2.211754503464024,102.25609868371664,1109376000
JUML,2.211754502325224,102.25609872788047,1110240000
JUML,2.2117545200386797,102.25609872989145,1111104000
JUML,2.2117544055963823,102.25609841621859,1111968000
JUML,2.211754387243415,102.25609839439996,1113436800
JUML,2.211754360410981,102.25609838111974,1114300800
JUML,2.211754404364476,102.25609836917492,1115164800
JUML,2.2117543823398997,102.25609836616744,1116028800
JUML,2.211754371284003,102.25609836627383,1116892800
JUML,2.2117543763842322,102.2560984018763,1117756800
JUML,2.2117543808919127,102.25609835322412,1118620800
JUML,2.2117543653251808,102.25609835009365,1119484800
JUML,2.2117543553087726,102.25609836929004,1120348800
JUML,2.211754360745499,102.25609835703138,1121212800
JUML,2.211754387299233,102.25609835600034,1122076800
JUML,2.2117543660440426,102.25609837519704,1122940800
JUML,2.211754305565253,102.2560983668605,1123804800
JUML,2.2117543639070156,102.25609836122864,1124668800
JUML,2.2117543751477937,102.2560983166126,1125532800
JUML,2.2117543421410963,102.25609834958279,1126396800
JUML,2.211754364126529,102.25609834175744,1127260800
JUML,2.2117543713986088,102.25609836487816,1128124800
JUML,2.211754344167697,102.25609834842977,1128988800
JUML,2.211754348509839,102.25609839430177,1129852800
KKBH,3.5607136932305554,101.65864483997187,1103846400
KKBH,3.5607137196403364,101.65864482214403,1104710400
KKBH,3.5607137112558473,101.65864480259526,1105574400
KKBH,3.5607136142999294,101.65864485716632,1106524800
KKBH,3.560713673264986,101.65864477073164,1107388800
KKBH,3.560713688712528,101.6586448402917,1108252800
KKBH,3.560713690680348,101.65864480698993,1109116800
KKBH,3.5607136672769943,101.65864480501209,1109980800
KKBH,3.5607136763883327,101.65864479042625,1110844800
KKBH,3.5607134600420913,101.65864441718048,1111881600
KKBH,3.5607134876712716,101.65864440916988,1113004800
KKBH,3.5607134404119165,101.65864441392709,1113868800
KKBH,3.5607134426099183,101.65864432073957,1114732800
KKBH,3.560713428056554,101.65864428366433,1115596800
KKBH,3.5607133649261593,101.65864435223087,1116460800
KKBH,3.5607134117816885,101.65864429124794,1117324800
KKBH,3.5607133913654967,101.65864431558181,1118188800
KKBH,3.5607133587769595,101.65864430607087,1119052800
KKBH,3.560713381604571,101.6586442834458,1119916800
KKBH,3.5607133898730745,101.65864426338487,1120867200
KKBH,3.5607133703081377,101.65864430026613,1121731200
KKBH,3.560713331125986,101.65864426565399,1122595200
KKBH,3.560713369680002,101.65864422231681,1123459200
KKBH,3.5607133669181894,101.65864426880732,1124323200
KKBH,3.5607133675968825,101.65864428524476,1125187200
KKBH,3.5607133522717063,101.65864427080578,1126051200
KKBH,3.5607133826378434,101.65864424012399,1126915200
KKBH,3.560713369118141,101.65864425333365,1127779200
KKBH,3.5607133919360834,101.65864428720958,1128643200
KKBH,3.560713378862063,101.65864422557773,1129507200
KLAW,2.9815093045275147,102.06366771015709,1103846400
KLAW,2.981509306391208,102.06366763254557,1104796800
KLAW,2.981509339905422,102.063667640069,1105660800
KLAW,2.9815093237153443,102.06366767051594,1106611200
KLAW,2.981509313828344,102.06366763692111,1107475200
KLAW,2.981509318212689,102.06366765107278,1108339200
KLAW,2.9815093254860066,102.06366765273795,1109548800
KLAW,2.9815093227669665,102.06366767100573,1110412800
KLAW,2.9815092345935406,102.0636673176472,1111622400
KLAW,2.9815091531921514,102.06366730866715,1112918400
KLAW,2.9815091343566964,102.06366729292162,1113782400
KLAW,2.981509128128152,102.06366726945876,1114646400
KLAW,2.98150912432539,102.06366725680202,1115510400
KLAW,2.9815090923441097,102.06366726687483,1116460800
KLAW,2.98150912154287,102.06366726837634,1117411200
KLAW,2.981509130283332,102.063667260082,1118275200
KLAW,2.9815090977330074,102.06366723395428,1119139200
KLAW,2.9815091345901394,102.06366721888227,1120003200
KLAW,2.981509127241862,102.06366721357999,1120867200
KLAW,2.981509093104595,102.06366726911351,1121731200
KLAW,2.981509110332764,102.06366721544521,1122768000
KLAW,2.9815091256345583,102.0636672162447,1123977600
KLAW,2.9815091109374583,102.06366724629804,1124841600
KLAW,2.9815091347640754,102.06366724619821,1125705600
KLAW,2.98150911842875,102.06366722705732,1126569600
KLAW,2.981509122100358,102.06366722636218,1127433600
KLAW,2.981509123236039,102.06366725806316,1128297600
KLAW,2.981509147184011,102.06366722972056,1129161600
KLAW,2.981509103191365,102.06366725218383,1130025600
KLAW,2.981509108069056,102.06366725497828,1130889600
KLUG,2.0253781401284945,103.31681259006372,1103846400
KLUG,2.0253781442176644,103.31681255535497,1104710400
KLUG,2.0253781558001402,103.31681255122037,1105574400
KLUG,2.0253781286690264,103.31681257915122,1106524800
KLUG,2.025378144816148,103.31681256005106,1107388800
KLUG,2.0253781352368505,103.31681256723009,1108252800
KLUG,2.025378135882827,103.31681262948057,1109116800
KLUG,2.025378131655857,103.31681255945944,1110067200
KLUG,2.02537815017047,103.31681257070434,1110931200
KLUG,2.0253780876342864,103.3168124106534,1111881600
KLUG,2.025378085309649,103.31681235476849,1113177600
KLUG,2.0253781194369895,103.31681233904324,1114041600
KLUG,2.025378065777117,103.31681234597669,1115078400
KLUG,2.025378034557401,103.31681235166538,1115942400
KLUG,2.0253780505224834,103.31681235414152,1116806400
KLUG,2.025378074229236,103.31681239152432,1117670400
KLUG,2.0253780560937,103.31681237601103,1118534400
KLUG,2.025378074400805,103.31681234872289,1119398400
KLUG,2.025378046998052,103.3168123426973,1120262400
KLUG,2.0253780482730077,103.31681235445222,1121126400
KLUG,2.0253780822006604,103.31681236063596,1121990400
KLUG,2.0253780539252295,103.31681235716323,1122854400
KLUG,2.0253780505868275,103.31681235375197,1123718400
KLUG,2.0253780578753364,103.31681233919258,1124582400
KLUG,2.0253780891687327,103.3168123513609,1125446400
KLUG,2.0253780635481715,103.3168123596711,1126310400
KLUG,2.0253780529901606,103.31681238107493,1127174400
KLUG,2.0253780655446585,103.31681238994044,1128038400
KLUG,2.025378057614439,103.31681239957565,1128902400
KLUG,2.0253780656248317,103.31681239341752,1129766400
KTPK,3.170943989295806,101.71760825091818,921888000
KTPK,3.1709439984142462,101.71760821349277,922752000
KTPK,3.170943974871385,101.71760825387356,923616000
KTPK,3.1709439645592465,101.7176082434331,924480000
KTPK,3.1709439734295586,101.71760816282044,925516800
KTPK,3.170943959220832,101.71760832184913,926380800
KTPK,3.1709439575190124,101.71760822396323,927244800
KTPK,3.170943925143463,101.71760825088323,928108800
KTPK,3.170943951092965,101.71760828125451,928972800
KTPK,3.170943942036814,101.71760831504783,929836800
KTPK,3.1709439250798037,101.71760825688986,930700800
KTPK,3.1709439433151285,101.71760830164816,931651200
KTPK,3.170943959474672,101.71760832837558,932515200
KTPK,3.170943960101869,101.71760834885342,933379200
KTPK,3.1709439402180775,101.71760831975219,934243200
KTPK,3.1709439476688717,101.71760823983362,935107200
KTPK,3.170943946833651,101.7176083471164,935971200
KTPK,3.170943980270863,101.71760833994213,936921600
KTPK,3.170943955038355,101.71760833077286,937872000
KTPK,3.170943987709817,101.71760837685588,938908800
KTPK,3.1709439880052064,101.71760836055932,939945600
KTPK,3.170943970395041,101.71760837273108,940896000
KTPK,3.170944031646216,101.71760836472153,941760000
KTPK,3.170943963768519,101.7176083466474,942624000
KTPK,3.1709439754286146,101.71760839118156,943488000
KTPK,3.170943995678518,101.7176083946386,944438400
KTPK,3.170944007476056,101.71760838216328,945302400
KTPK,3.170944011953841,101.71760839722964,946252800
KTPK,3.1709440336280466,101.71760840574139,947203200
KTPK,3.1709440290416366,101.71760848137265,948153600
KUAL,5.318889585901158,103.1391457348444,914630400
KUAL,5.318889561962203,103.13914571881253,915494400
KUAL,5.31888958212187,103.13914574426792,916358400
KUAL,5.318889610388026,103.13914571609024,918259200
KUAL,5.318889595452484,103.1391457607657,920937600
KUAL,5.3188896013393085,103.13914575404192,921801600
KUAL,5.318889518555377,103.13914584395553,923270400
KUAL,5.318889503984924,103.13914584487114,925776000
KUAL,5.318889527010691,103.13914583017788,926899200
KUAL,5.318889504170026,103.13914587670993,927763200
KUAL,5.31888951556926,103.13914592452167,928713600
KUAL,5.318889509898487,103.13914592571976,933292800
KUAL,5.318889515574078,103.13914592043413,934156800
KUAL,5.318889543837573,103.13914592751037,935020800
KUAL,5.318889523462556,103.1391459841361,935884800
KUAL,5.318889556610339,103.13914589297784,936835200
KUAL,5.318889503334533,103.13914594512818,937872000
KUAL,5.318889537523165,103.13914592947856,938736000
KUAL,5.318889544763686,103.13914597192509,939600000
KUAL,5.318889573314301,103.13914594939615,940550400
KUAL,5.318889602882492,103.13914597258007,941414400
KUAL,5.318889580854197,103.13914600576526,942278400
KUAL,5.318889521317101,103.13914595453467,943142400
KUAL,5.31888955216402,103.13914596814833,944006400
KUAL,5.318889531672951,103.1391459855,944870400
KUAL,5.3188895378255125,103.13914599204715,945734400
KUAL,5.318889543564351,103.1391460173075,946684800
KUAL,5.318889536049859,103.13914600034087,947548800
KUAL,5.3188895639678995,103.1391459824852,948412800
KUAL,5.318889562064272,103.13914608484754,949363200
KUAN,3.834378280243932,103.35035240010127,920073600
KUAN,3.8343783377942886,103.35035242565552,920937600
KUAN,3.834378334802274,103.35035241707193,921801600
KUAN,3.8343782704371177,103.35035248460132,922665600
KUAN,3.834378307369096,103.35035248500829,923529600
KUAN,3.834378198271618,103.35035247152139,924393600
KUAN,3.8343782707685437,103.35035252964322,927590400
KUAN,3.834378276782547,103.35035252157309,928454400
KUAN,3.834378247765112,103.3503525565617,929318400
KUAN,3.834378236792932,103.35035252312491,930182400
KUAN,3.8343782311413577,103.3503525241758,931046400
KUAN,3.8343782436836737,103.35035256505665,931910400
KUAN,3.8343782802181514,103.35035259650333,932774400
KUAN,3.834378265763281,103.35035262717321,933638400
KUAN,3.834378248805484,103.35035259189253,934675200
KUAN,3.834378285664375,103.35035264671738,935625600
KUAN,3.834378260763178,103.35035264790328,936576000
KUAN,3.8343782282965724,103.35035260950062,937872000
KUAN,3.8343782961055743,103.35035258144715,938736000
KUAN,3.8343782846481496,103.35035265986583,939600000
KUAN,3.834378323081343,103.35035261983164,940550400
KUAN,3.8343783287260487,103.35035265669055,941414400
KUAN,3.834378297219687,103.35035268983268,942278400
KUAN,3.834378291251171,103.35035262464451,943142400
KUAN,3.834378318840695,103.35035262939451,944006400
KUAN,3.8343782783409663,103.35035265349555,944870400
KUAN,3.8343782598050007,103.3503526707146,945820800
KUAN,3.8343782740986097,103.35035266263111,946684800
KUAN,3.8343782951642393,103.35035263247029,947548800
KUAN,3.8343783147901753,103.35035270536852,950572800
KUKP,1.3332750844314094,103.45343325461384,1103846400
KUKP,1.3332750900649701,103.45343324573012,1104710400
KUKP,1.3332751042342057,103.45343321732581,1105660800
KUKP,1.333275076611999,103.4534332654529,1106611200
KUKP,1.3332749909248613,103.45343317114802,1107475200
KUKP,1.3332750509474875,103.45343323453919,1108339200
KUKP,1.3332750527708122,103.45343325025244,1109203200
KUKP,1.3332750898762802,103.45343332438418,1110067200
KUKP,1.3332750699090214,103.45343326987937,1110931200
KUKP,1.3332750248179712,103.4534331373066,1111795200
KUKP,1.3332750575449654,103.45343312712723,1113004800
KUKP,1.3332750514031715,103.45343309019243,1113868800
KUKP,1.333275033041413,103.45343309038184,1115596800
KUKP,1.333275041627505,103.45343308740836,1116460800
KUKP,1.3332750535899007,103.45343313429302,1118534400
KUKP,1.3332750730766323,103.45343311244172,1119398400
KUKP,1.333275051938012,103.45343309940361,1120262400
KUKP,1.3332750643023732,103.45343312720738,1121644800
KUKP,1.3332750675049314,103.45343312537979,1122595200
KUKP,1.3332750280075731,103.45343309485975,1123459200
KUKP,1.3332750762841317,103.45343310519559,1124323200
KUKP,1.3332750468176504,103.45343313803313,1125187200
KUKP,1.3332750413524217,103.45343314617627,1126051200
KUKP,1.333275084524383,103.45343311517881,1126915200
KUKP,1.3332750696115034,103.45343313979376,1127779200
KUKP,1.333275054316556,103.453433172152,1128643200
KUKP,1.3332750693220086,103.45343314386905,1129507200
KUKP,1.3332750732220051,103.45343312332724,1130371200
KUKP,1.3332750678905934,103.4534331672184,1131235200
KUKP,1.3332750740931445,103.45343318695964,1132099200
LGKW,6.328502511686791,99.8512632098503,1103846400
LGKW,6.328502507479707,99.8512630652838,1104710400
LGKW,6.328502505931967,99.85126299348445,1105574400
LGKW,6.328502473572264,99.85126299398773,1106611200
LGKW,6.3285024384905775,99.8512629199376,1107475200
LGKW,6.328502482135281,99.8512629074226,1108339200
LGKW,6.328502460503757,99.85126286200233,1109203200
LGKW,6.328502439327385,99.85126287109287,1110067200
LGKW,6.328502427126032,99.85126284874154,1111104000
LGKW,6.328502150566411,99.85126262934878,1112745600
LGKW,6.328502030193913,99.85126254483575,1113782400
LGKW,6.3285020323473535,99.85126255697712,1114646400
LGKW,6.328502062227885,99.85126248609373,1115510400
LGKW,6.328502030446402,99.85126248525185,1116374400
LGKW,6.328502034839617,99.85126252514564,1117238400
LGKW,6.328502002677704,99.85126248049691,1118102400
LGKW,6.328501994689247,99.85126240236848,1120867200
LGKW,6.32850195606464,99.85126247473103,1121731200
LGKW,6.328501969828633,99.85126241104714,1122595200
LGKW,6.3285019382065855,99.85126239832478,1123459200
LGKW,6.32850194106475,99.85126242626608,1124323200
LGKW,6.328501945311429,99.85126241090443,1125187200
LGKW,6.328501879366813,99.85126237247688,1126051200
LGKW,6.328501985853957,99.85126235045553,1126915200
LGKW,6.328501929307685,99.85126234679848,1127779200
LGKW,6.328501930651616,99.8512623740879,1128643200
LGKW,6.328501944352659,99.85126236131902,1129507200
LGKW,6.328501934637048,99.85126235146235,1130371200
LGKW,6.328501908892353,99.85126234947798,1131235200
LGKW,6.328501911626913,99.85126235395013,1132099200
MARG,5.026600290634887,103.29455908775074,1103846400
MARG,5.0266003032589,103.29455902691157,1105142400
MARG,5.026600299893061,103.29455902455017,1106265600
MARG,5.026600317067244,103.29455902670898,1107216000
MARG,5.02660031574702,103.29455900064774,1108080000
MARG,5.0266002677263755,103.294558965637,1108944000
MARG,5.026600306079548,103.29455898645003,1109808000
MARG,5.026600315466398,103.29455901633075,1110672000
MARG,5.026600193601262,103.2945588183843,1111708800
MARG,5.02660019593107,103.29455883484032,1112745600
MARG,5.026600185650739,103.29455877987857,1113609600
MARG,5.026600165531878,103.2945588080222,1114473600
MARG,5.026600127604707,103.29455875940752,1115337600
MARG,5.026600174844092,103.29455875391159,1116201600
MARG,5.026600187902228,103.29455873306895,1117065600
MARG,5.02660013824488,103.29455876639203,1117929600
MARG,5.026600126042353,103.29455878757771,1118793600
MARG,5.026600190066782,103.29455877038545,1119657600
MARG,5.026600169485684,103.29455876721475,1120694400
MARG,5.026600130564414,103.29455875965066,1121558400
MARG,5.026600150956917,103.29455877219688,1122422400
MARG,5.026600123790681,103.29455879802795,1123286400
MARG,5.026600147572635,103.29455876225418,1124150400
MARG,5.026600170839704,103.29455876436697,1125014400
MARG,5.026600142127547,103.29455874363035,1125878400
MARG,5.026600184766333,103.29455875033251,1126742400
MARG,5.026600123511225,103.2945587521758,1127606400
MARG,5.026600142636492,103.29455880664086,1128470400
MARG,5.026600158971928,103.29455874200818,1129334400
MARG,5.0266001488408865,103.29455877174848,1130198400
MERS,2.453467282608421,103.82875267596768,1103846400
MERS,2.4534672984130816,103.82875267180165,1104969600
MERS,2.4534673055539318,103.82875263886586,1105833600
MERS,2.45346727790163,103.82875267037183,1106784000
MERS,2.453467280360633,103.82875261305117,1107648000
MERS,2.453467276224423,103.82875269246284,1108512000
MERS,2.453467290407688,103.82875263372496,1109548800
MERS,2.4534673042529,103.8287526855986,1110412800
MERS,2.4534672375928293,103.82875255680773,1111363200
MERS,2.4534672503720403,103.82875256806231,1112486400
MERS,2.4534672320058606,103.82875250133124,1113436800
MERS,2.453467215113085,103.82875249468513,1114300800
MERS,2.4534672452133086,103.82875247111278,1115164800
MERS,2.453467246508652,103.82875250759585,1116720000
MERS,2.4534672116858425,103.82875249472521,1117584000
MERS,2.4534672248288527,103.8287525032186,1118448000
MERS,2.4534672228873213,103.82875247842748,1119398400
MERS,2.453467216527238,103.82875249102705,1121472000
MERS,2.4534672489613927,103.82875250110068,1122336000
MERS,2.4534672313988652,103.8287524856879,1123200000
MERS,2.453467216212759,103.82875247570125,1124064000
MERS,2.453467212377663,103.82875245412347,1124928000
MERS,2.453467181616255,103.82875250360728,1125792000
MERS,2.453467238373944,103.82875248507804,1126656000
MERS,2.453467237433103,103.82875251757696,1127520000
MERS,2.453467252634476,103.82875253186957,1128384000
MERS,2.453467242893661,103.82875250917981,1129248000
MERS,2.453467223127142,103.82875252927457,1130112000
MERS,2.4534672039587186,103.82875250220178,1130976000
MERS,2.453467244271563,103.82875254370644,1131840000
MERU,3.138236742075827,101.40745743673689,1103846400
MERU,3.138236776643917,101.40745737329681,1104710400
MERU,3.1382368107905507,101.40745735452103,1105660800
MERU,3.1382367635848043,101.40745735085606,1106611200
MERU,3.138236777068481,101.40745729575104,1107475200
MERU,3.138236787472755,101.40745733212582,1108339200
MERU,3.1382368293693412,101.40745737385895,1109203200
MERU,3.138236814890044,101.40745730820204,1110067200
MERU,3.138236808115712,101.40745734154991,1110931200
MERU,3.138236588898937,101.40745687519083,1111795200
MERU,3.138236526438179,101.40745682531801,1113177600
MERU,3.1382365453151597,101.40745678470151,1114041600
MERU,3.1382365771101752,101.40745675300103,1114905600
MERU,3.138236573283557,101.407456681022,1115769600
MERU,3.1382364949851227,101.40745674906914,1116633600
MERU,3.138236514032944,101.40745673918158,1117497600
MERU,3.1382365043697735,101.4074567532146,1118361600
MERU,3.138236498639632,101.40745675562043,1119225600
MERU,3.138236522004642,101.40745671645513,1120089600
MERU,3.13823650100607,101.40745671712394,1120953600
MERU,3.1382364755613605,101.40745675580322,1121817600
MERU,3.138236481441324,101.40745675565664,1122681600
MERU,3.138236485978859,101.40745674550985,1123545600
MERU,3.13823648269236,101.40745673732302,1124409600
MERU,3.13823644185903,101.40745673130341,1125273600
MERU,3.1382364531376714,101.4074567285298,1126137600
MERU,3.138236465358752,101.40745672333068,1127001600
MERU,3.1382364851900038,101.4074567104418,1127865600
MERU,3.1382363907860023,101.40745677315734,1128729600
MERU,3.1382364285513495,101.40745679476774,1129593600
NTUS,1.3458023800165184,103.67995585745413,914716800
NTUS,1.3458023624046749,103.67995583211713,915667200
NTUS,1.3458024047305641,103.67995580084107,917136000
NTUS,1.3458023801526322,103.67995583153453,918000000
NTUS,1.3458023456486246,103.67995596678487,928886400
NTUS,1.345802309225207,103.67995598673741,931219200
NTUS,1.3458023193459259,103.67995598202263,932169600
NTUS,1.3458023258454281,103.67995608525008,942969600
NTUS,1.345802325057383,103.67995605520494,943920000
NTUS,1.3458023488543203,103.67995611899103,944784000
NTUS,1.3458022969393897,103.67995610792539,945820800
NTUS,1.3458023681958344,103.67995610172171,947116800
NTUS,1.3458023408116344,103.67995610655751,947980800
NTUS,1.345802311205504,103.67995612019597,948844800
NTUS,1.3458023325295896,103.67995611934755,949708800
NTUS,1.34580231111122,103.67995612242873,950572800
NTUS,1.3458023241214545,103.67995614177674,951436800
NTUS,1.3458023270181374,103.67995616606778,952473600
NTUS,1.345802331237742,103.67995622320946,953337600
NTUS,1.3458023156942953,103.67995619907515,954547200
NTUS,1.3458022947769652,103.67995618088828,956102400
NTUS,1.3458022829360803,103.6799562162706,957052800
NTUS,1.3458022776973524,103.67995617955066,957916800
NTUS,1.3458023075716639,103.67995623103872,959385600
NTUS,1.345802336788482,103.67995619711158,960508800
NTUS,1.3458022821615672,103.6799562187575,961891200
NTUS,1.3458021986756694,103.67995637723833,982627200
NTUS,1.3458022470311408,103.67995640245039,983491200
NTUS,1.3458021983746304,103.67995650182051,992995200
NTUS,1.345802216760071,103.67995649961172,993859200
PEKN,3.4925974812389184,103.38969141542242,1103846400
PEKN,3.4925975040151442,103.3896913715741,1104710400
PEKN,3.492597497951193,103.38969137331492,1105920000
PEKN,3.492597490296065,103.38969135529494,1106870400
PEKN,3.492597481783843,103.38969136330851,1107734400
PEKN,3.492597483966311,103.38969139637088,1108598400
PEKN,3.492597510927668,103.38969136507487,1109462400
PEKN,3.4925974872601278,103.3896913935367,1110326400
PEKN,3.4925974779917395,103.38969136001738,1111276800
PEKN,3.492597389079976,103.38969120460126,1112313600
PEKN,3.492597387281247,103.38969116914384,1113264000
PEKN,3.4925973936833623,103.38969113377605,1114128000
PEKN,3.492597403598991,103.38969113263023,1114992000
PEKN,3.492597395821303,103.38969114065084,1115856000
PEKN,3.492597393475375,103.38969115994658,1116720000
PEKN,3.4925973881795933,103.38969116953785,1117584000
PEKN,3.4925973795017637,103.38969116330865,1118448000
PEKN,3.4925973727251978,103.38969112179382,1119312000
PEKN,3.4925973603884555,103.38969116572362,1120176000
PEKN,3.4925973778418022,103.38969115005675,1121212800
PEKN,3.492597383745428,103.3896911647843,1122076800
PEKN,3.492597358583583,103.38969115899584,1122940800
PEKN,3.4925973576645144,103.38969114399394,1123804800
PEKN,3.4925973563374466,103.38969114768948,1125187200
PEKN,3.4925973361685263,103.38969115399554,1126051200
PEKN,3.49259740015577,103.3896911234289,1126915200
PEKN,3.492597360484125,103.38969115133638,1127865600
PEKN,3.4925973510390707,103.38969116410661,1128729600
PEKN,3.492597353020044,103.38969119400637,1129593600
PEKN,3.492597410921583,103.38969115957222,1130457600
PHKT,8.104827592533669,98.3080250532019,995932800
PHKT,8.104827574588045,98.30802509869086,996796800
PHKT,8.104827510222977,98.30802505194562,997660800
PHKT,8.104827547596422,98.3080250564769,998524800
PHKT,8.10482747828146,98.30802504178166,999388800
PHKT,8.10482750005259,98.30802514591964,1000252800
PHKT,8.104827533716653,98.30802508663317,1001116800
PHKT,8.104827509016536,98.30802515802226,1001980800
PHKT,8.104827533645675,98.30802511420985,1002844800
PHKT,8.104827554027702,98.30802514355504,1003708800
PHKT,8.104827568728146,98.30802518490674,1004572800
PHKT,8.104827544022799,98.30802515235784,1005436800
PHKT,8.104827560958404,98.30802523142201,1006387200
PHKT,8.104827526766988,98.30802518434226,1007251200
PHKT,8.104827593463373,98.308025211219,1008115200
PHKT,8.104827585953565,98.30802519230483,1008979200
PHKT,8.10482755365254,98.3080251757849,1009843200
PHKT,8.104827540438746,98.30802524275332,1010707200
PHKT,8.104827537089038,98.30802519453817,1011571200
PHKT,8.10482754696204,98.30802522871008,1012435200
PHKT,8.104827536611687,98.30802522554993,1013299200
PHKT,8.104827559772572,98.30802524408737,1014163200
PHKT,8.10482753078914,98.30802522383713,1015027200
PHKT,8.104827488193049,98.30802524639361,1015891200
PHKT,8.104827515459865,98.30802524932875,1016755200
PHKT,8.104827556478861,98.30802522862076,1017619200
PHKT,8.104827540944152,98.30802529428202,1018483200
PHKT,8.104827530841826,98.30802524581993,1019347200
PHKT,8.1048275226428,98.3080253003715,1020211200
PHKT,8.104827517519137,98.3080253471149,1021075200
PUPK,4.20699397356342,100.55924389608651,1103846400
PUPK,4.206993996610189,100.55924380987999,1104710400
PUPK,4.2069940183287615,100.55924381922375,1105574400
PUPK,4.20699399028857,100.55924381959734,1106524800
PUPK,4.206993973508399,100.55924376806924,1107388800
PUPK,4.206993992958728,100.55924377077635,1108252800
PUPK,4.206993974020442,100.55924380878278,1109116800
PUPK,4.206993993412421,100.55924375842693,1109980800
PUPK,4.20699398826287,100.55924380306855,1110844800
PUPK,4.206993598598079,100.55924329318049,1111708800
PUPK,4.20699352861035,100.55924320516894,1113350400
PUPK,4.206993474614411,100.55924314559734,1114214400
PUPK,4.206993497858438,100.5592431600513,1115164800
PUPK,4.206993478295964,100.5592431405194,1116028800
PUPK,4.206993446703894,100.55924311791743,1116892800
PUPK,4.206993459111256,100.55924312875953,1117756800
PUPK,4.206993467393662,100.55924311739591,1118620800
PUPK,4.206993437884624,100.5592431265238,1119484800
PUPK,4.206993439478709,100.55924311294005,1120348800
PUPK,4.2069934053732085,100.55924309808586,1121212800
PUPK,4.206993435297826,100.5592430983102,1122076800
PUPK,4.206993413897231,100.55924311575598,1122940800
PUPK,4.206993405217224,100.55924307931713,1123804800
PUPK,4.2069934009085195,100.55924306719932,1124668800
PUPK,4.206993390910627,100.55924304693735,1125532800
PUPK,4.206993395032348,100.55924303245999,1126396800
PUPK,4.206993405188524,100.55924304814624,1127692800
PUPK,4.206993375203336,100.55924309512491,1128556800
PUPK,4.206993361625906,100.55924304768831,1129507200
PUPK,4.206993401096223,100.55924304621969,1130371200
RTPJ,6.00336306147416,101.99146666074775,1104364800
RTPJ,6.0033630845186945,101.99146661465124,1105228800
RTPJ,6.003363065716721,101.9914665853748,1106352000
RTPJ,6.003363084805343,101.99146660353473,1107302400
RTPJ,6.00336309155999,101.99146659482409,1108166400
RTPJ,6.003363051787607,101.99146655798477,1109030400
RTPJ,6.003363096729442,101.99146656100714,1109894400
RTPJ,6.003363067319548,101.99146657565085,1110758400
RTPJ,6.003362897919332,101.99146637358452,1111795200
RTPJ,6.003362883907257,101.9914663349815,1113004800
RTPJ,6.003362911647599,101.99146631072664,1113868800
RTPJ,6.003362849416452,101.99146630307924,1114732800
RTPJ,6.003362850110877,101.99146628097952,1115596800
RTPJ,6.003362839750795,101.99146624263685,1116460800
RTPJ,6.003362840439761,101.9914662982419,1117324800
RTPJ,6.00336281048661,101.99146628915577,1118188800
RTPJ,6.003362818337925,101.99146627850627,1119225600
RTPJ,6.003362876520154,101.9914662357489,1120089600
RTPJ,6.003362804854941,101.99146625028172,1121212800
RTPJ,6.00336284315477,101.99146623889054,1123027200
RTPJ,6.0033628074913485,101.99146623071933,1124323200
RTPJ,6.003362826293116,101.99146621105248,1125446400
RTPJ,6.003362802089148,101.99146621349149,1126310400
RTPJ,6.003362796095382,101.99146622124081,1127174400
RTPJ,6.003362825160459,101.99146624821739,1128038400
RTPJ,6.003362811399326,101.99146622708484,1128902400
RTPJ,6.003362803306155,101.99146622895961,1129766400
RTPJ,6.0033628534491275,101.99146620113423,1130630400
RTPJ,6.003362814004201,101.99146618225083,1131494400
RTPJ,6.003362792594074,101.99146617571176,1132444800
SAMP,3.6216112934074225,98.71471825219027,977702400
SAMP,3.6216113394665017,98.71471825275651,978566400
SAMP,3.621611312210011,98.714718264678,979516800
SAMP,3.621611313968483,98.71471824344364,980380800
SAMP,3.621611281546559,98.71471833403758,981244800
SAMP,3.6216112689252133,98.71471826889173,982195200
SAMP,3.6216112831366885,98.71471833012001,983059200
SAMP,3.6216113033321404,98.71471830489001,984009600
SAMP,3.621611268035392,98.71471831958642,985046400
SAMP,3.6216112575933344,98.71471835700942,985910400
SAMP,3.6216113111366717,98.71471832490505,986860800
SAMP,3.6216112700132936,98.71471834777213,987897600
SAMP,3.6216113165204975,98.7147185355997,1007337600
SAMP,3.6216113709410664,98.71471856364533,1010275200
SAMP,3.6216112957665527,98.71471855148208,1011830400
SAMP,3.621611356964134,98.71471860463309,1012867200
SAMP,3.6216112965963387,98.71471861090001,1013904000
SAMP,3.621611311456012,98.71471867872064,1023321600
SAMP,3.621611323688834,98.71471867822399,1024704000
SAMP,3.6216113003338894,98.71471869522226,1025827200
SAMP,3.6216112899053448,98.71471869352553,1028678400
SAMP,3.6216113247418806,98.71471874029709,1030320000
SAMP,3.621611315843086,98.71471878088259,1032048000
SAMP,3.6216113255993507,98.71471877828536,1033171200
SAMP,3.6216113259865708,98.71471877791647,1035417600
SAMP,3.6216113355909942,98.71471879397733,1036540800
SAMP,3.6216113663880325,98.71471877229206,1037664000
SAMP,3.621611328595597,98.71471882003928,1038787200
SAMP,3.621611313634966,98.71471880820394,1040083200
SAMP,3.621611353775675,98.71471884584413,1041552000
SEGA,2.486297495456256,102.7320416969729,980985600
SEGA,2.4862974993251847,102.73204164530847,981849600
SEGA,2.486297431309779,102.73204167703848,982800000
SEGA,2.4862974224719183,102.73204170693785,983664000
SEGA,2.4862974708816687,102.73204167789665,984528000
SEGA,2.4862974516062484,102.73204167033943,985392000
SEGA,2.486297469086148,102.73204163832972,987033600
SEGA,2.48629741804775,102.73204169100951,987897600
SEGA,2.4862974283469668,102.73204172904975,988761600
SEGA,2.486297435114567,102.73204174615334,989625600
SEGA,2.4862974431533478,102.7320417086529,990489600
SEGA,2.486297480332187,102.73204179174886,991353600
SEGA,2.486297413193574,102.73204177102365,992390400
SEGA,2.486297484654878,102.7320417246078,993427200
SEGA,2.4862974457329945,102.73204173713802,996019200
SEGA,2.4862974657331423,102.7320417847027,996883200
SEGA,2.4862974045828836,102.73204177662375,997747200
SEGA,2.4862974437459893,102.73204178680777,998697600
SEGA,2.4862974554193897,102.7320418104285,999561600
SEGA,2.486297480232917,102.7320417895685,1000425600
SEGA,2.4862974698876945,102.73204178085881,1001376000
SEGA,2.4862974314530417,102.73204181585476,1002326400
SEGA,2.486297505685201,102.73204182141892,1003190400
SEGA,2.486297472151876,102.73204182991267,1004054400
SEGA,2.4862974493256584,102.73204185882243,1004918400
SEGA,2.4862974695447084,102.73204186001085,1006300800
SEGA,2.4862974331606,102.73204182646208,1007164800
SEGA,2.486297471706937,102.73204188612601,1008115200
SEGA,2.486297471592118,102.73204191399056,1009065600
SEGA,2.486297456039571,102.73204190674706,1010275200
SELM,5.2171313750866295,100.69477960190824,1103846400
SELM,5.21713138671574,100.69477951462791,1104710400
SELM,5.217131386293229,100.69477948800859,1105660800
SELM,5.2171313553921825,100.69477947375312,1106611200
SELM,5.217131411571259,100.69477945034528,1107475200
SELM,5.217131409096078,100.69477944639553,1108339200
SELM,5.217131397358535,100.69477942803265,1109289600
SELM,5.217131400235969,100.69477947305523,1110153600
SELM,5.217131381227697,100.69477945199807,1111017600
SELM,5.21713107070767,100.69477910539999,1111881600
SELM,5.217131052347209,100.69477901357945,1113177600
SELM,5.2171311307840424,100.69477900521453,1114041600
SELM,5.217131019378203,100.69477901307262,1114905600
SELM,5.2171309588300465,100.69477894540522,1115769600
SELM,5.2171309765135705,100.69477894989667,1116633600
SELM,5.217130955081795,100.69477895292583,1117497600
SELM,5.217130962278267,100.69477895290659,1118361600
SELM,5.217130949847089,100.6947789823012,1119225600
SELM,5.217130956468593,100.694778939636,1120089600
SELM,5.217130939225032,100.69477893811505,1121040000
SELM,5.217130941840984,100.69477892407943,1121904000
SELM,5.217130906078889,100.69477891268916,1122768000
SELM,5.2171308944122385,100.69477892521485,1123632000
SELM,5.217130934513281,100.69477890760538,1124496000
SELM,5.21713088659222,100.69477891140096,1125360000
SELM,5.217130869545075,100.69477889747367,1126224000
SELM,5.217130936757533,100.69477889684839,1127088000
SELM,5.217130890311677,100.69477889964206,1127952000
SELM,5.217130884883543,100.69477890101012,1129593600
SELM,5.217130893658389,100.69477887639843,1130457600
SGPT,5.643577679271172,100.48837662615861,1103846400
SGPT,5.643577675294355,100.4883765231273,1104796800
SGPT,5.64357771711624,100.48837649772715,1105660800
SGPT,5.64357768698158,100.4883764749811,1106611200
SGPT,5.6435776393997354,100.48837644195726,1107475200
SGPT,5.643577688158464,100.48837641793003,1108339200
SGPT,5.64357768256439,100.48837643167812,1109203200
SGPT,5.64357768088448,100.48837637990862,1110067200
SGPT,5.6435776535926845,100.48837641528458,1110931200
SGPT,5.643577365261467,100.48837613043025,1111795200
SGPT,5.6435773585489315,100.48837600177937,1113350400
SGPT,5.643577340242894,100.48837601622304,1114214400
SGPT,5.643577307110241,100.48837601041028,1115078400
SGPT,5.643577282087712,100.48837596754707,1115942400
SGPT,5.643577266890347,100.48837597751434,1116806400
SGPT,5.643577274062929,100.48837598310017,1117670400
SGPT,5.64357726801203,100.48837597678441,1118534400
SGPT,5.643577253271685,100.48837595291741,1119398400
SGPT,5.643577234225667,100.48837595061993,1120262400
SGPT,5.643577224849499,100.48837593988355,1121212800
SGPT,5.643577229940966,100.48837592185201,1122076800
SGPT,5.643577213597381,100.48837592566368,1122940800
SGPT,5.643577228397075,100.48837588946382,1124236800
SGPT,5.64357721142495,100.48837584751423,1125100800
SGPT,5.643577201723514,100.48837589651848,1125964800
SGPT,5.643577206929282,100.48837585894151,1126828800
SGPT,5.643577180463866,100.48837590836551,1127692800
SGPT,5.643577181283517,100.4883758897221,1128556800
SGPT,5.643577205033684,100.48837589770056,1129420800
SGPT,5.643577207541781,100.48837588983055,1130284800
TGPG,1.3674107841064829,104.10825970653958,1103846400
TGPG,1.3674108074253584,104.1082597161007,1106611200
TGPG,1.3674108329315535,104.10825969064854,1107475200
TGPG,1.3674108544485937,104.10825970426059,1108339200
TGPG,1.3674107967827371,104.10825970556748,1109203200
TGPG,1.3674108204762871,104.108259728341,1110067200
TGPG,1.3674108278283228,104.10825972531299,1110931200
TGPG,1.3674108049246367,104.10825959539144,1111795200
TGPG,1.367410810767952,104.1082595952509,1114041600
TGPG,1.3674108346549172,104.10825957435709,1114905600
TGPG,1.367410861508004,104.10825955831184,1115769600
TGPG,1.367410726454967,104.1082596006104,1116633600
TGPG,1.3674107875418795,104.1082595806123,1117497600
TGPG,1.3674107816414272,104.10825960037022,1118361600
TGPG,1.367410778889812,104.10825963707592,1119225600
TGPG,1.3674108076107616,104.10825961471363,1120089600
TGPG,1.3674108318472868,104.10825960831754,1120953600
TGPG,1.3674107985651145,104.10825962919779,1121817600
TGPG,1.3674107737262482,104.10825964962869,1122681600
TGPG,1.3674107911068416,104.10825964366738,1123632000
TGPG,1.3674108151935715,104.1082596232337,1124496000
TGPG,1.3674107859407443,104.10825965623016,1125360000
TGPG,1.367410776076317,104.1082596654244,1126224000
TGPG,1.367410819116351,104.10825965969674,1127088000
TGPG,1.367410811484547,104.10825967679278,1127952000
TGPG,1.3674107677553138,104.10825966769329,1128816000
TGPG,1.3674108002900163,104.10825966217182,1129766400
TGPG,1.3674108055374983,104.1082596818416,1130630400
TGPG,1.367410770487243,104.10825969343968,1131494400
TGPG,1.367410759771405,104.10825967991946,1132358400
TLOH,3.4494503252151114,102.41936600618905,1103846400
TLOH,3.449450336167775,102.41936591412481,1104796800
TLOH,3.4494503646429613,102.41936595724161,1106006400
TLOH,3.449450346944972,102.41936595001869,1106956800
TLOH,3.449450340809404,102.41936595980579,1107820800
TLOH,3.449450328627788,102.41936594469543,1108684800
TLOH,3.4494503551345645,102.41936593854258,1109548800
TLOH,3.4494503713821727,102.41936593065697,1110585600
TLOH,3.4494502528034436,102.41936571025542,1111622400
TLOH,3.44945017643592,102.41936559278724,1112572800
TLOH,3.4494501990883704,102.41936561536922,1113523200
TLOH,3.449450192440492,102.41936562930908,1114387200
TLOH,3.4494502033069314,102.41936558415902,1115251200
TLOH,3.449450219955975,102.41936553135983,1116115200
TLOH,3.4494501818068573,102.41936556395883,1116979200
TLOH,3.4494501794568886,102.41936557705027,1117843200
TLOH,3.4494501984648775,102.41936559458891,1118707200
TLOH,3.4494501801893573,102.41936560115109,1119571200
TLOH,3.4494501769874866,102.41936559748449,1120694400
TLOH,3.4494501173921215,102.41936558028934,1121558400
TLOH,3.4494501724235396,102.41936557364006,1122422400
TLOH,3.449450171923732,102.41936557135102,1123286400
TLOH,3.449450182008051,102.41936552967358,1124150400
TLOH,3.449450164068004,102.41936554949623,1125014400
TLOH,3.4494501888336413,102.41936555479316,1125878400
TLOH,3.4494502084417014,102.4193655531953,1126742400
TLOH,3.449450140737768,102.41936557302854,1127606400
TLOH,3.449450142699393,102.41936560099955,1128470400
TLOH,3.4494501467499687,102.41936556865382,1129334400
TLOH,3.44945016242159,102.41936557681926,1130198400
UPMS,2.993395704278404,101.72351081088473,1103846400
UPMS,2.9933957055943914,101.72351072358505,1104796800
UPMS,2.9933957282592965,101.72351074885911,1105660800
UPMS,2.9933956922261675,101.72351078571359,1106611200
UPMS,2.9933957287728106,101.72351077257314,1107475200
UPMS,2.993395729183373,101.7235107450154,1108339200
UPMS,2.9933957048564612,101.72351075255447,1109203200
UPMS,2.99339572809826,101.72351081185194,1110067200
UPMS,2.993395737650791,101.72351075547864,1110931200
UPMS,2.993395539823972,101.72351041463872,1111881600
UPMS,2.9933954890137904,101.72351032862045,1113350400
UPMS,2.9933954970249914,101.7235102745135,1114214400
UPMS,2.9933955236992094,101.7235102836967,1115078400
UPMS,2.993395503477565,101.72351024769037,1115942400
UPMS,2.9933954647156855,101.72351028364356,1116806400
UPMS,2.993395450010536,101.72351029443942,1118534400
UPMS,2.9933954851356805,101.72351026436878,1119398400
UPMS,2.9933954819410364,101.723510267018,1120262400
UPMS,2.993395465983939,101.72351025686241,1121212800
UPMS,2.9933954964934992,101.72351027437789,1122076800
UPMS,2.9933954728664656,101.72351023876955,1123113600
UPMS,2.9933954531469884,101.72351023120129,1123977600
UPMS,2.993395408371276,101.72351019209204,1124841600
UPMS,2.9933954678851498,101.72351020399314,1125705600
UPMS,2.993395468811279,101.72351021456195,1126569600
UPMS,2.9933954382564925,101.72351019885852,1127433600
UPMS,2.9933954547468558,101.72351025732826,1128297600
UPMS,2.9933954847093895,101.72351026169522,1129161600
UPMS,2.9933954533153933,101.72351026447707,1130025600
UPMS,2.9933954343949436,101.72351024209527,1131062400
USMP,5.3577881876433775,100.30403792007677,944092800
USMP,5.357788233412789,100.30403797578626,944956800
USMP,5.357788196278245,100.30403795536245,945907200
USMP,5.357788235056119,100.30403792500577,946771200
USMP,5.357788235821859,100.30403797040552,947635200
USMP,5.357788219994739,100.30403797079808,948499200
USMP,5.3577882787023645,100.30403799293745,949363200
USMP,5.357788297559069,100.30403796440007,950227200
USMP,5.357788307328759,100.3040380122568,951091200
USMP,5.357788267529744,100.30403807667872,952128000
USMP,5.357788279431508,100.30403805181969,952992000
USMP,5.35778826969784,100.30403804169273,953856000
USMP,5.357788255135101,100.304038047259,954720000
USMP,5.357788225123816,100.304038097948,955584000
USMP,5.35778823910203,100.30403801792319,956448000
USMP,5.357788230158255,100.30403805032626,957657600
USMP,5.357788231981499,100.30403804442268,958521600
USMP,5.357788234043065,100.30403809621784,959385600
USMP,5.357788211511888,100.30403809504675,960249600
USMP,5.357788217657425,100.30403811800545,961113600
USMP,5.357788210011919,100.30403811351279,962064000
USMP,5.357788209878436,100.30403813694548,962928000
USMP,5.3577882047003405,100.30403812900924,963792000
USMP,5.357788200096965,100.30403812736061,964915200
USMP,5.357788177257839,100.3040381544849,965779200
USMP,5.357788178057396,100.30403815734817,966643200
USMP,5.357788260162085,100.3040381587792,967507200
USMP,5.357788201191335,100.30403814264649,968371200
USMP,5.35778825063409,100.30403819377537,969494400
USMP,5.3577882292264825,100.30403819281821,970358400
UTMJ,1.5658149661504863,103.63956371381234,917913600
UTMJ,1.5658150171672478,103.63956373817307,919382400
UTMJ,1.565815015652216,103.63956377844453,920246400
UTMJ,1.5658150346670225,103.63956373720882,921110400
UTMJ,1.5658149950598332,103.63956384563654,923270400
UTMJ,1.5658149760979472,103.63956384949508,924912000
UTMJ,1.5658149717403183,103.63956389121282,927849600
UTMJ,1.5658149329336974,103.63956388504835,929750400
UTMJ,1.565814908344323,103.63956392199363,931305600
UTMJ,1.5658149467219367,103.63956394575793,939340800
UTMJ,1.5658149689901577,103.63956397385212,940291200
UTMJ,1.565814921732352,103.63956400102037,941155200
UTMJ,1.5658149818338232,103.63956398685832,942019200
UTMJ,1.5658149215857446,103.63956397520248,942883200
UTMJ,1.565814943179916,103.63956402163849,944352000
UTMJ,1.5658149491304028,103.63956399355017,945216000
UTMJ,1.5658149351603239,103.63956398633117,946252800
UTMJ,1.5658149577870017,103.63956403650246,947116800
UTMJ,1.5658149208092331,103.63956403071892,947980800
UTMJ,1.5658149166932882,103.63956401296079,948844800
UTMJ,1.5658149537511556,103.63956402646934,949968000
UTMJ,1.5658149674667226,103.63956408391961,950832000
UTMJ,1.5658149625408082,103.63956408283073,951782400
UTMJ,1.5658149551174525,103.63956405111064,952646400
UTMJ,1.5658149206535643,103.63956410017722,953683200
UTMJ,1.5658149462105224,103.63956412625467,954547200
UTMJ,1.5658148914695023,103.63956414211177,957225600
UTMJ,1.5658149113328619,103.63956412978843,958089600
UTMJ,1.5658149113952233,103.63956414658684,959126400
UTMJ,1.5658148863515233,103.63956413841504,960249600
UUMK,6.4621822901816035,100.50633747916098,1103846400
UUMK,6.462182303213286,100.50633737111413,1104796800
UUMK,6.4621823206316575,100.50633734861292,1105920000
UUMK,6.4621823053212815,100.50633728994073,1107216000
UUMK,6.462182288846328,100.50633724320097,1108252800
UUMK,6.4621822696388636,100.50633730584234,1109116800
UUMK,6.462182266159045,100.50633725706811,1110412800
UUMK,6.462181978623164,100.50633699059074,1112054400
UUMK,6.462181971014721,100.50633691568714,1113523200
UUMK,6.4621819703583965,100.50633691617035,1115164800
UUMK,6.462181962739121,100.506336883298,1116115200
UUMK,6.4621819173258315,100.50633685849894,1116979200
UUMK,6.462181932041238,100.50633687560749,1118275200
UUMK,6.462181879825258,100.50633687414654,1119139200
UUMK,6.462181930124816,100.50633685002848,1120089600
UUMK,6.462181900031342,100.50633682902127,1120953600
UUMK,6.4621819116809265,100.50633680645565,1121817600
UUMK,6.462181884046537,100.5063368366445,1122681600
UUMK,6.462181903115209,100.50633677008634,1123977600
UUMK,6.462181830099161,100.5063367581672,1124841600
UUMK,6.462181884449754,100.50633677191487,1125705600
UUMK,6.462181865166238,100.5063367909895,1126569600
UUMK,6.462181840997151,100.50633679540654,1127433600
UUMK,6.462181854369356,100.50633680494217,1128297600
UUMK,6.462181873813298,100.50633677410754,1129161600
UUMK,6.462181843653059,100.50633677213473,1130025600
UUMK,6.462181838791032,100.50633682832962,1130889600
UUMK,6.462181853641093,100.50633677160171,1131753600
UUMK,6.462181848859916,100.50633674567003,1132617600
UUMK,6.462181854430975,100.50633676898384,1133481600
